philosophers-dlfix	CTMC	GreatSPN	3	philosophers-dlfix.3.props
philosophers-dlfix	CTMC	GreatSPN	4	philosophers-dlfix.4.props
philosophers-dlfix	CTMC	GreatSPN	5	philosophers-dlfix.5.props
philosophers-dlfix	CTMC	GreatSPN	6	philosophers-dlfix.6.props
philosophers-dlfix	CTMC	GreatSPN	7	philosophers-dlfix.7.props
philosophers-dlfix	CTMC	GreatSPN	8	philosophers-dlfix.8.props
philosophers-dlfix	CTMC	GreatSPN	9	philosophers-dlfix.9.props
philosophers-dlfix	CTMC	GreatSPN	10	philosophers-dlfix.10.props
philosophers-dlfix	CTMC	GreatSPN	11	philosophers-dlfix.11.props
philosophers-dlfix	CTMC	GreatSPN	12	philosophers-dlfix.12.props
philosophers-dlfix	CTMC	GreatSPN	13	philosophers-dlfix.13.props
philosophers-dlfix	CTMC	GreatSPN	14	philosophers-dlfix.14.props
philosophers-dlfix	CTMC	GreatSPN	15	philosophers-dlfix.15.props
philosophers-dlfix	CTMC	GreatSPN	16	philosophers-dlfix.16.props
philosophers-dlfix	CTMC	GreatSPN	17	philosophers-dlfix.17.props
philosophers-dlfix	CTMC	GreatSPN	18	philosophers-dlfix.18.props
philosophers-dlfix	CTMC	GreatSPN	19	philosophers-dlfix.19.props
philosophers-dlfix	CTMC	GreatSPN	20	philosophers-dlfix.20.props
